Key,Value
CellProfiler_Version,3.1.8
ChannelType_Cells,Grayscale
ChannelType_Spots,Grayscale
ImageSet_Zip_Dictionary,PD94bWwgdmVyc2lvbj0iMS4wIiBlbmNvZGluZz0iVVRGLTgiPz48T01FIHhtbG5zPSJodHRwOi8vd3d3Lm9wZW5taWNyb3Njb3B5Lm9yZy9TY2hlbWFzL09NRS8yMDE2LTA2Ij48SW1hZ2UgSUQ9IkNlbGxzIj48UGl4ZWxzIERpbWVuc2lvbk9yZGVyPSJYWUNaVCIgSUQ9IlBpeGVsczpDZWxscyIgU2l6ZVQ9IjEiIFNpemVYPSIxIiBTaXplWT0iMSI+PFRpZmZEYXRhIEZpcnN0Qz0iMCIgRmlyc3RUPSIwIiBGaXJzdFo9IjAiIElGRD0iMCIgUGxhbmVDb3VudD0iMSI+PFVVSUQgRmlsZU5hbWU9ImZpbGU6Ly8vRjovUHJvamVjdHMvQWx2YXJvJTIwQ2FzdGFubyUyMFJOQXNjb3BlL1JlcG9GaWxlcy9JbWFnZSUyMEZpbGVzJTIwYWZ0ZXIlMjBGSUpJJTIwc3BsaXR0aW5nL1IzMzMlMjBXVCUyQjNNQyUyMDQweCUyMDAwMV9BMDFfRzAwN18wMDAxLm9pciUyMC0lMjBaJTNEMCUyMFQlM0QwJTIwQyUzRDAudGlmIi8+PC9UaWZmRGF0YT48UGxhbmUgVGhlQz0iMCIgVGhlVD0iMCIgVGhlWj0iMCIvPjwvUGl4ZWxzPjwvSW1hZ2U+PEltYWdlIElEPSJTcG90cyI+PFBpeGVscyBEaW1lbnNpb25PcmRlcj0iWFlDWlQiIElEPSJQaXhlbHM6U3BvdHMiIFNpemVUPSIxIiBTaXplWD0iMSIgU2l6ZVk9IjEiPjxUaWZmRGF0YSBGaXJzdEM9IjAiIEZpcnN0VD0iMCIgRmlyc3RaPSIwIiBJRkQ9IjAiIFBsYW5lQ291bnQ9IjEiPjxVVUlEIEZpbGVOYW1lPSJmaWxlOi8vL0Y6L1Byb2plY3RzL0FsdmFybyUyMENhc3Rhbm8lMjBSTkFzY29wZS9SZXBvRmlsZXMvSW1hZ2UlMjBGaWxlcyUyMGFmdGVyJTIwRklKSSUyMHNwbGl0dGluZy9SMzMzJTIwV1QlMkIzTUMlMjA0MHglMjAwMDFfQTAxX0cwMDdfMDAwMS5vaXIlMjAtJTIwWiUzRDAlM0QwJTIwQ09zIiBTaXplVD0iMSIgU2l6ZVg9IjEiIFNpemVZPSIxIj48VGlmZkRhdGEgRmlyc3RDPSIwIiBGaXJzdFQ9IjAiIEZpcnN0Wj0iMCIgSUZEPSIwIiBQbGFuZUNvdW50PSIxIj48VVVJRCBGaWxlTmFtZT0iZmlsZTovLy9GOi9Qcm9qZWN0cy9BbHZhcm8lMjBDYXN0YW5vJTIwUk5Bc2NvcGUvUmVwb0ZpbGVzL0ltYWdlJTIwRmlsZXMlMjBhZnRlciUyMEZJSkklMjBzcGxpdHRpbmcvUjMzMyUyMFdUJTJCM01DJTIwNDB4JTIwMDAxX0EwMV9HMDA3XzAwMDEub2lyJTIwLSUyMFolM0QyJTIwVCUzRDAlMjBDJTNEMnMiIFNpemVUPSIxIiBTaXplWD0iMSIgU2l6ZVk9IjEiPjxUaWZmRGF0YSBGaXJzdEM9IjAiIEZpcnN0VD0iMCIgRmlyc3RaPSIwIiBJRkQ9IjAiIFBsYW5lQ291bnQ9IjEiPjxVVUlEIEZpbGVOYW1lPSJmaWxlOi8vL0Y6L1Byb2plY3RzL0FsdmFybyUyMENhc3Rhbm8lMjBSTkFzY29wZS9SZXBvRmlsZXMvSW1hZ2UlMjBGaWxlcyUyMGFmdGVyJTIwRklKSSUyMHNwbGl0dGluZy9SMzMzJTIwV1QlMkIzTUMlMjA0MHglMjAwMDFfQTAxX0cwMDdfMDAwMS5vaXIlMjAtJTIwWiUzRDQlMjBUJTNEMCUyMEMlM0Q0cyIgU2l6ZVQ9IjEiIFNpemVYPSIxIiBTaXplWT0iMSI+PFRpZmZEYXRhIEZpcnN0Qz0iMCIgRmlyc3RUPSIwIiBGaXJzdFo9IjAiIElGRD0iMCIgUGxhbmVDb3VudD0iMSI+PFVVSUQgRmlsZU5hbWU9ImZpbGU6Ly8vRjovUHJvamVjdHMvQWx2YXJvJTIwQ2FzdGFubyUyMFJOQXNjb3BlL1JlcG9GaWxlcy9JbWFnZSUyMEZpbGVzJTIwYWZ0ZXIlMjBGSUpJJTIwc3BsaXR0aW5nL1IzMzMlMjBXVCUyQjNNQyUyMDQweCUyMDAwMV9BMDFfRzAwN18wMDAxLm9pciUyMC0lMjBaJTNENiUyMFQlM0QwJTIwQyUzRHhtbHJzaW9uMS4wImVuY29GOD9PTUVuc3A6L3d3b3BpZ1NjaG1hcy9PTUU2Ij48SW1hZ2UgSUQ9ImVscyI+PFBpeGVscyBEaW1lbnNpb25PcmRlcj0iWFlDWlQiIElEPSJQaXhlbHM6Q2VsbHMiIFNpemVUPSIxIiBTaXplWD0iMSIgU2l6ZVk9IjEiPjxUaWZmRGF0YSBGaXJzdEM9IjAiIEZpcnN0VD0iMCIgRmlyc3RaPSIwIiBJRkQ9IjAiIFBsYW5lQ291bnQ9IjEiPjxVVUlEIEZpbGVOYW1lPSJmaWxlOi8vL0Y6L1Byb2plY3RzL0FsdmFybyUyMENhc3Rhbm8lMjBSTkFzY29wZS9SZXBvRmlsZXMvSW1hZ2UlMjBGaWxlcyUyMGFmdGVyJTIwRklKSSUyMHNwbGl0dGluZy9SMzMzJTIwV1QlMkIzTUMlMjA0MHglMjAwMDFfQTAxX0cwMDdfMDAwMS5vaXIlMjAtJTIwWiUzRDglMjBUJTNEMCUyMEMlM0R0aWY+PFBsYW5lIFRoZUM9IjAiIFRoZVQ9IjAiPSIwIi8+PC9QPjwvbWFJbWFnZSBJdHM+PFBpeGVscyBkVCIgSVNwb3RzIiBTaXplPSIxIiBTaXplWD0iMSJZPSIxIj48VGlmZkRhdGEgRmlyc3RDPSIwIiBGaXJzdFQ9IjAiIFo9IjAiRD0iYW50PSIxVUlEIEZpbGVtZWlsZTovLzpzL3ZybyUyMG9Oc2NvcGVwb0ZpL0ltYWdlRmlsZXNlciUyMEZJJTJ0dGluZy9SMzNUJU1DJXgwMDAxX0FfMDAwMS5vaXIlMjAtWg==
Metadata_Tags,"[""ImageNumber""]"
Pipeline_Pipeline,"CellProfiler Pipeline: http://www.cellprofiler.org
Version:4
DateRevision:318
GitHash:
ModuleCount:23
HasImagePlaneDetails:False

Images:[module_num:1|svn_version:\'Unknown\'|variable_revision_number:2|show_window:False|notes:\x5B\'To begin creating your project, use the Images module to compile a list of files and/or folders that you want to analyze. You can also specify a set of rules to include only the desired files in your selected folders.\'\x5D|batch_state:array(\x5B\x5D, dtype=uint8)|enabled:True|wants_pause:False]
    :\xff\xfe
    Filter images?:\xff\xfeI\x00m\x00a\x00g\x00e\x00s\x00 \x00o\x00n\x00l\x00y\x00
    Select the rule criteria:\xff\xfea\x00n\x00d\x00 \x00(\x00e\x00x\x00t\x00e\x00n\x00s\x00i\x00o\x00n\x00 \x00d\x00o\x00e\x00s\x00 \x00i\x00s\x00i\x00m\x00a\x00g\x00e\x00)\x00 \x00(\x00d\x00i\x00r\x00e\x00c\x00t\x00o\x00r\x00y\x00 \x00d\x00o\x00e\x00s\x00n\x00o\x00t\x00 \x00c\x00o\x00n\x00t\x00a\x00i\x00n\x00r\x00e\x00g\x00e\x00x\x00p\x00 \x00""\x00\x5B\x00\\\x00\\\x00\\\x00\\\x00/\x00\x5D\x00\\\x00\\\x00.\x00""\x00)\x00

Metadata:[module_num:2|svn_version:\'Unknown\'|variable_revision_number:5|show_window:False|notes:\x5B\'The Metadata module optionally allows you to extract information describing your images (i.e, metadata) which will be stored along with your measurements. This information can be contained in the file name and/or location, or in an external file.\'\x5D|batch_state:array(\x5B\x5D, dtype=uint8)|enabled:True|wants_pause:False]
    Extract metadata?:\xff\xfeN\x00o\x00
    Metadata data type:\xff\xfeT\x00e\x00x\x00t\x00
    Metadata types:\xff\xfe{\x00}\x00
    Extraction method count:\xff\xfe1\x00
    Metadata extraction method:\xff\xfeE\x00x\x00t\x00r\x00a\x00c\x00t\x00 \x00f\x00r\x00o\x00m\x00 \x00f\x00i\x00l\x00e\x00/\x00f\x00o\x00l\x00d\x00e\x00r\x00 \x00n\x00a\x00m\x00e\x00s\x00
    Metadata source:\xff\xfeF\x00i\x00l\x00e\x00 \x00n\x00a\x00m\x00e\x00
    Regular expression to extract from file name:\xff\xfe^\x00(\x00?\x00P\x00<\x00P\x00l\x00a\x00t\x00e\x00>\x00.\x00*\x00)\x00_\x00(\x00?\x00P\x00<\x00W\x00e\x00l\x00l\x00>\x00\x5B\x00A\x00-\x00P\x00\x5D\x00\x5B\x000\x00-\x009\x00\x5D\x00{\x002\x00}\x00)\x00_\x00s\x00(\x00?\x00P\x00<\x00S\x00i\x00t\x00e\x00>\x00\x5B\x000\x00-\x009\x00\x5D\x00)\x00_\x00w\x00(\x00?\x00P\x00<\x00C\x00h\x00a\x00n\x00n\x00e\x00l\x00N\x00u\x00m\x00b\x00e\x00r\x00>\x00\x5B\x000\x00-\x009\x00\x5D\x00)\x00
    Regular expression to extract from folder name:\xff\xfe(\x00?\x00P\x00<\x00D\x00a\x00t\x00e\x00>\x00\x5B\x000\x00-\x009\x00\x5D\x00{\x004\x00}\x00_\x00\x5B\x000\x00-\x009\x00\x5D\x00{\x002\x00}\x00_\x00\x5B\x000\x00-\x009\x00\x5D\x00{\x002\x00}\x00)\x00$\x00
    Extract metadata from:\xff\xfeA\x00l\x00l\x00 \x00i\x00m\x00a\x00g\x00e\x00s\x00
    Select the filtering criteria:\xff\xfea\x00n\x00d\x00 \x00(\x00f\x00i\x00l\x00e\x00 \x00d\x00o\x00e\x00s\x00 \x00c\x00o\x00n\x00t\x00a\x00i\x00n\x00 \x00""\x00""\x00)\x00
    Metadata file location:\xff\xfeE\x00l\x00s\x00e\x00w\x00h\x00e\x00r\x00e\x00.\x00.\x00.\x00\x7C\x00
    Match file and image metadata:\xff\xfe\x5B\x00\x5D\x00
    Use case insensitive matching?:\xff\xfeN\x00o\x00
    Metadata file name:\xff\xfeN\x00o\x00n\x00e\x00

NamesAndTypes:[module_num:3|svn_version:\'Unknown\'|variable_revision_number:8|show_window:False|notes:\x5B\'The NamesAndTypes module allows you to assign a meaningful name to each image by which other modules will refer to it.\'\x5D|batch_state:array(\x5B\x5D, dtype=uint8)|enabled:True|wants_pause:False]
    Assign a name to:\xff\xfeI\x00m\x00a\x00g\x00e\x00s\x00 \x00m\x00a\x00t\x00c\x00h\x00i\x00n\x00g\x00 \x00r\x00u\x00l\x00e\x00s\x00
    Select the image type:\xff\xfeG\x00r\x00a\x00y\x00s\x00c\x00a\x00l\x00e\x00 \x00i\x00m\x00a\x00g\x00e\x00
    Name to assign these images:\xff\xfeD\x00N\x00A\x00
    Match metadata:\xff\xfe\x5B\x00\x5D\x00
    Image set matching method:\xff\xfeO\x00r\x00d\x00e\x00r\x00
    Set intensity range from:\xff\xfeI\x00m\x00a\x00g\x00e\x00 \x00m\x00e\x00t\x00a\x00d\x00a\x00t\x00a\x00
    Assignments count:\xff\xfe2\x00
    Single images count:\xff\xfe0\x00
    Maximum intensity:\xff\xfe2\x005\x005\x00.\x000\x00
    Process as 3D?:\xff\xfeN\x00o\x00
    Relative pixel spacing in X:\xff\xfe1\x00.\x000\x00
    Relative pixel spacing in Y:\xff\xfe1\x00.\x000\x00
    Relative pixel spacing in Z:\xff\xfe1\x00.\x000\x00
    Select the rule criteria:\xff\xfea\x00n\x00d\x00 \x00(\x00f\x00i\x00l\x00e\x00 \x00d\x00o\x00e\x00s\x00 \x00c\x00o\x00n\x00t\x00a\x00i\x00n\x00 \x00""\x00C\x00=\x000\x00""\x00)\x00
    Name to assign these images:\xff\xfeC\x00e\x00l\x00l\x00s\x00
    Name to assign these objects:\xff\xfeC\x00e\x00l\x00l\x00
    Select the image type:\xff\xfeG\x00r\x00a\x00y\x00s\x00c\x00a\x00l\x00e\x00 \x00i\x00m\x00a\x00g\x00e\x00
    Set intensity range from:\xff\xfeI\x00m\x00a\x00g\x00e\x00 \x00m\x00e\x00t\x00a\x00d\x00a\x00t\x00a\x00
    Maximum intensity:\xff\xfe2\x005\x005\x00.\x000\x00
    Select the rule criteria:\xff\xfea\x00n\x00d\x00 \x00(\x00f\x00i\x00l\x00e\x00 \x00d\x00o\x00e\x00s\x00 \x00c\x00o\x00n\x00t\x00a\x00i\x00n\x00 \x00""\x00C\x00=\x001\x00""\x00)\x00
    Name to assign these images:\xff\xfeS\x00p\x00o\x00t\x00s\x00
    Name to assign these objects:\xff\xfeN\x00u\x00c\x00l\x00e\x00u\x00s\x00
    Select the image type:\xff\xfeG\x00r\x00a\x00y\x00s\x00c\x00a\x00l\x00e\x00 \x00i\x00m\x00a\x00g\x00e\x00
    Set intensity range from:\xff\xfeI\x00m\x00a\x00g\x00e\x00 \x00m\x00e\x00t\x00a\x00d\x00a\x00t\x00a\x00
    Maximum intensity:\xff\xfe2\x005\x005\x00.\x000\x00

Groups:[module_num:4|svn_version:\'Unknown\'|variable_revision_number:2|show_window:False|notes:\x5B\'The Groups module optionally allows you to split your list of images into image subsets (groups) which will be processed independently of each other. Examples of groupings include screening batches, microtiter plates, time-lapse movies, etc.\'\x5D|batch_state:array(\x5B\x5D, dtype=uint8)|enabled:True|wants_pause:False]
    Do you want to group your images?:\xff\xfeN\x00o\x00
    grouping metadata count:\xff\xfe1\x00
    Metadata category:\xff\xfeN\x00o\x00n\x00e\x00

MeasureImageIntensity:[module_num:5|svn_version:\'Unknown\'|variable_revision_number:2|show_window:False|notes:\x5B\x5D|batch_state:array(\x5B\x5D, dtype=uint8)|enabled:True|wants_pause:False]
    Select the image to measure:\xff\xfeC\x00e\x00l\x00l\x00s\x00
    Measure the intensity only from areas enclosed by objects?:\xff\xfeN\x00o\x00
    Select the input objects:\xff\xfeN\x00o\x00n\x00e\x00

ImageMath:[module_num:6|svn_version:\'Unknown\'|variable_revision_number:4|show_window:False|notes:\x5B\x5D|batch_state:array(\x5B\x5D, dtype=uint8)|enabled:True|wants_pause:False]
    Operation:\xff\xfeS\x00u\x00b\x00t\x00r\x00a\x00c\x00t\x00
    Raise the power of the result by:\xff\xfe1\x00.\x000\x00
    Multiply the result by:\xff\xfe1\x00.\x000\x00
    Add to result:\xff\xfe0\x00.\x000\x00
    Set values less than 0 equal to 0?:\xff\xfeY\x00e\x00s\x00
    Set values greater than 1 equal to 1?:\xff\xfeY\x00e\x00s\x00
    Ignore the image masks?:\xff\xfeN\x00o\x00
    Name the output image:\xff\xfeC\x00e\x00l\x00l\x00s\x00_\x00b\x00a\x00c\x00k\x00g\x00r\x00o\x00u\x00n\x00d\x00_\x00s\x00u\x00b\x00t\x00r\x00a\x00c\x00t\x00
    Image or measurement?:\xff\xfeI\x00m\x00a\x00g\x00e\x00
    Select the first image:\xff\xfeC\x00e\x00l\x00l\x00s\x00
    Multiply the first image by:\xff\xfe1\x00.\x000\x00
    Measurement:\xff\xfe
    Image or measurement?:\xff\xfeM\x00e\x00a\x00s\x00u\x00r\x00e\x00m\x00e\x00n\x00t\x00
    Select the second image:\xff\xfe
    Multiply the second image by:\xff\xfe0\x00.\x001\x00
    Measurement:\xff\xfeI\x00n\x00t\x00e\x00n\x00s\x00i\x00t\x00y\x00_\x00M\x00a\x00x\x00I\x00n\x00t\x00e\x00n\x00s\x00i\x00t\x00y\x00_\x00C\x00e\x00l\x00l\x00s\x00

Erosion:[module_num:7|svn_version:\'Unknown\'|variable_revision_number:1|show_window:False|notes:\x5B\x5D|batch_state:array(\x5B\x5D, dtype=uint8)|enabled:True|wants_pause:False]
    Select the input image:\xff\xfeS\x00p\x00o\x00t\x00s\x00
    Name the output image:\xff\xfeS\x00p\x00o\x00t\x00s\x00_\x00e\x00r\x00o\x00d\x00e\x00d\x00
    Structuring element:\xff\xfes\x00q\x00u\x00a\x00r\x00e\x00,\x002\x00

IdentifyPrimaryObjects:[module_num:8|svn_version:\'Unknown\'|variable_revision_number:13|show_window:False|notes:\x5B\x5D|batch_state:array(\x5B\x5D, dtype=uint8)|enabled:True|wants_pause:False]
    Select the input image:\xff\xfeC\x00e\x00l\x00l\x00s\x00_\x00b\x00a\x00c\x00k\x00g\x00r\x00o\x00u\x00n\x00d\x00_\x00s\x00u\x00b\x00t\x00r\x00a\x00c\x00t\x00
    Name the primary objects to be identified:\xff\xfeC\x00e\x00l\x00l\x00s\x00_\x00P\x00r\x00i\x00m\x00a\x00r\x00y\x00_\x00o\x00b\x00j\x00e\x00c\x00t\x00s\x00
    Typical diameter of objects, in pixel units (Min,Max):\xff\xfe1\x005\x00,\x001\x002\x000\x00
    Discard objects outside the diameter range?:\xff\xfeY\x00e\x00s\x00
    Discard objects touching the border of the image?:\xff\xfeY\x00e\x00s\x00
    Method to distinguish clumped objects:\xff\xfeI\x00n\x00t\x00e\x00n\x00s\x00i\x00t\x00y\x00
    Method to draw dividing lines between clumped objects:\xff\xfeI\x00n\x00t\x00e\x00n\x00s\x00i\x00t\x00y\x00
    Size of smoothing filter:\xff\xfe1\x000\x00
    Suppress local maxima that are closer than this minimum allowed distance:\xff\xfe7\x00.\x000\x00
    Speed up by using lower-resolution image to find local maxima?:\xff\xfeY\x00e\x00s\x00
    Fill holes in identified objects?:\xff\xfeA\x00f\x00t\x00e\x00r\x00 \x00b\x00o\x00t\x00h\x00 \x00t\x00h\x00r\x00e\x00s\x00h\x00o\x00l\x00d\x00i\x00n\x00g\x00 \x00a\x00n\x00d\x00 \x00d\x00e\x00c\x00l\x00u\x00m\x00p\x00i\x00n\x00g\x00
    Automatically calculate size of smoothing filter for declumping?:\xff\xfeY\x00e\x00s\x00
    Automatically calculate minimum allowed distance between local maxima?:\xff\xfeY\x00e\x00s\x00
    Handling of objects if excessive number of objects identified:\xff\xfeC\x00o\x00n\x00t\x00i\x00n\x00u\x00e\x00
    Maximum number of objects:\xff\xfe5\x000\x000\x00
    Use advanced settings?:\xff\xfeY\x00e\x00s\x00
    Threshold setting version:\xff\xfe1\x000\x00
    Threshold strategy:\xff\xfeG\x00l\x00o\x00b\x00a\x00l\x00
    Thresholding method:\xff\xfeO\x00t\x00s\x00u\x00
    Threshold smoothing scale:\xff\xfe1\x00.\x003\x004\x008\x008\x00
    Threshold correction factor:\xff\xfe1\x00.\x002\x00
    Lower and upper bounds on threshold:\xff\xfe0\x00.\x000\x00,\x001\x00.\x000\x00
    Manual threshold:\xff\xfe0\x00.\x000\x00
    Select the measurement to threshold with:\xff\xfeN\x00o\x00n\x00e\x00
    Two-class or three-class thresholding?:\xff\xfeT\x00h\x00r\x00e\x00e\x00 \x00c\x00l\x00a\x00s\x00s\x00e\x00s\x00
    Assign pixels in the middle intensity class to the foreground or the background?:\xff\xfeB\x00a\x00c\x00k\x00g\x00r\x00o\x00u\x00n\x00d\x00
    Size of adaptive window:\xff\xfe5\x000\x00
    Lower outlier fraction:\xff\xfe0\x00.\x000\x005\x00
    Upper outlier fraction:\xff\xfe0\x00.\x000\x005\x00
    Averaging method:\xff\xfeM\x00e\x00a\x00n\x00
    Variance method:\xff\xfeS\x00t\x00a\x00n\x00d\x00a\x00r\x00d\x00 \x00d\x00e\x00v\x00i\x00a\x00t\x00i\x00o\x00n\x00
    # of deviations:\xff\xfe2\x00.\x000\x00
    Thresholding method:\xff\xfeO\x00t\x00s\x00u\x00

IdentifyPrimaryObjects:[module_num:9|svn_version:\'Unknown\'|variable_revision_number:13|show_window:False|notes:\x5B\x5D|batch_state:array(\x5B\x5D, dtype=uint8)|enabled:True|wants_pause:False]
    Select the input image:\xff\xfeS\x00p\x00o\x00t\x00s\x00_\x00e\x00r\x00o\x00d\x00e\x00d\x00
    Name the primary objects to be identified:\xff\xfeS\x00p\x00o\x00t\x00s\x00_\x00P\x00r\x00i\x00m\x00a\x00r\x00y\x00_\x00O\x00b\x00j\x00e\x00c\x00t\x00s\x00
    Typical diameter of objects, in pixel units (Min,Max):\xff\xfe2\x00,\x003\x000\x00
    Discard objects outside the diameter range?:\xff\xfeY\x00e\x00s\x00
    Discard objects touching the border of the image?:\xff\xfeY\x00e\x00s\x00
    Method to distinguish clumped objects:\xff\xfeI\x00n\x00t\x00e\x00n\x00s\x00i\x00t\x00y\x00
    Method to draw dividing lines between clumped objects:\xff\xfeI\x00n\x00t\x00e\x00n\x00s\x00i\x00t\x00y\x00
    Size of smoothing filter:\xff\xfe1\x000\x00
    Suppress local maxima that are closer than this minimum allowed distance:\xff\xfe7\x00.\x000\x00
    Speed up by using lower-resolution image to find local maxima?:\xff\xfeY\x00e\x00s\x00
    Fill holes in identified objects?:\xff\xfeA\x00f\x00t\x00e\x00r\x00 \x00b\x00o\x00t\x00h\x00 \x00t\x00h\x00r\x00e\x00s\x00h\x00o\x00l\x00d\x00i\x00n\x00g\x00 \x00a\x00n\x00d\x00 \x00d\x00e\x00c\x00l\x00u\x00m\x00p\x00i\x00n\x00g\x00
    Automatically calculate size of smoothing filter for declumping?:\xff\xfeY\x00e\x00s\x00
    Automatically calculate minimum allowed distance between local maxima?:\xff\xfeY\x00e\x00s\x00
    Handling of objects if excessive number of objects identified:\xff\xfeC\x00o\x00n\x00t\x00i\x00n\x00u\x00e\x00
    Maximum number of objects:\xff\xfe5\x000\x000\x00
    Use advanced settings?:\xff\xfeN\x00o\x00
    Threshold setting version:\xff\xfe1\x000\x00
    Threshold strategy:\xff\xfeG\x00l\x00o\x00b\x00a\x00l\x00
    Thresholding method:\xff\xfeM\x00i\x00n\x00i\x00m\x00u\x00m\x00 \x00c\x00r\x00o\x00s\x00s\x00 \x00e\x00n\x00t\x00r\x00o\x00p\x00y\x00
    Threshold smoothing scale:\xff\xfe1\x00.\x003\x004\x008\x008\x00
    Threshold correction factor:\xff\xfe1\x00.\x000\x00
    Lower and upper bounds on threshold:\xff\xfe0\x00.\x000\x00,\x001\x00.\x000\x00
    Manual threshold:\xff\xfe0\x00.\x000\x00
    Select the measurement to threshold with:\xff\xfeN\x00o\x00n\x00e\x00
    Two-class or three-class thresholding?:\xff\xfeT\x00w\x00o\x00 \x00c\x00l\x00a\x00s\x00s\x00e\x00s\x00
    Assign pixels in the middle intensity class to the foreground or the background?:\xff\xfeF\x00o\x00r\x00e\x00g\x00r\x00o\x00u\x00n\x00d\x00
    Size of adaptive window:\xff\xfe5\x000\x00
    Lower outlier fraction:\xff\xfe0\x00.\x000\x005\x00
    Upper outlier fraction:\xff\xfe0\x00.\x000\x005\x00
    Averaging method:\xff\xfeM\x00e\x00a\x00n\x00
    Variance method:\xff\xfeS\x00t\x00a\x00n\x00d\x00a\x00r\x00d\x00 \x00d\x00e\x00v\x00i\x00a\x00t\x00i\x00o\x00n\x00
    # of deviations:\xff\xfe2\x00.\x000\x00
    Thresholding method:\xff\xfeO\x00t\x00s\x00u\x00

MeasureObjectIntensity:[module_num:10|svn_version:\'Unknown\'|variable_revision_number:3|show_window:False|notes:\x5B\x5D|batch_state:array(\x5B\x5D, dtype=uint8)|enabled:True|wants_pause:False]
    Hidden:\xff\xfe1\x00
    Select an image to measure:\xff\xfeS\x00p\x00o\x00t\x00s\x00_\x00e\x00r\x00o\x00d\x00e\x00d\x00
    Select objects to measure:\xff\xfeS\x00p\x00o\x00t\x00s\x00_\x00P\x00r\x00i\x00m\x00a\x00r\x00y\x00_\x00O\x00b\x00j\x00e\x00c\x00t\x00s\x00

MeasureObjectSizeShape:[module_num:11|svn_version:\'Unknown\'|variable_revision_number:1|show_window:False|notes:\x5B\x5D|batch_state:array(\x5B\x5D, dtype=uint8)|enabled:True|wants_pause:False]
    Select objects to measure:\xff\xfeC\x00e\x00l\x00l\x00s\x00_\x00P\x00r\x00i\x00m\x00a\x00r\x00y\x00_\x00o\x00b\x00j\x00e\x00c\x00t\x00s\x00
    Calculate the Zernike features?:\xff\xfeN\x00o\x00

RelateObjects:[module_num:12|svn_version:\'Unknown\'|variable_revision_number:4|show_window:False|notes:\x5B\x5D|batch_state:array(\x5B\x5D, dtype=uint8)|enabled:True|wants_pause:False]
    Parent objects:\xff\xfeC\x00e\x00l\x00l\x00s\x00_\x00P\x00r\x00i\x00m\x00a\x00r\x00y\x00_\x00o\x00b\x00j\x00e\x00c\x00t\x00s\x00
    Child objects:\xff\xfeS\x00p\x00o\x00t\x00s\x00_\x00P\x00r\x00i\x00m\x00a\x00r\x00y\x00_\x00O\x00b\x00j\x00e\x00c\x00t\x00s\x00
    Name the output object:\xff\xfeS\x00p\x00o\x00t\x00s\x00_\x00i\x00n\x00s\x00i\x00d\x00e\x00_\x00c\x00e\x00l\x00l\x00s\x00
    Calculate child-parent distances?:\xff\xfeN\x00o\x00n\x00e\x00
    Calculate per-parent means for all child measurements?:\xff\xfeY\x00e\x00s\x00
    Calculate distances to other parents?:\xff\xfeN\x00o\x00
    Parent name:\xff\xfeN\x00o\x00n\x00e\x00
    Parent name:\xff\xfeN\x00o\x00n\x00e\x00
    Parent name:\xff\xfeN\x00o\x00n\x00e\x00
    Parent name:\xff\xfeN\x00o\x00n\x00e\x00
    Parent name:\xff\xfeN\x00o\x00n\x00e\x00
    Parent name:\xff\xfeN\x00o\x00n\x00e\x00
    Parent name:\xff\xfeN\x00o\x00n\x00e\x00
    Parent name:\xff\xfeN\x00o\x00n\x00e\x00
    Parent name:\xff\xfeN\x00o\x00n\x00e\x00
    Parent name:\xff\xfeN\x00o\x00n\x00e\x00
    Parent name:\xff\xfeN\x00o\x00n\x00e\x00
    Parent name:\xff\xfeN\x00o\x00n\x00e\x00
    Parent name:\xff\xfeN\x00o\x00n\x00e\x00
    Parent name:\xff\xfeN\x00o\x00n\x00e\x00
    Parent name:\xff\xfeN\x00o\x00n\x00e\x00
    Parent name:\xff\xfeN\x00o\x00n\x00e\x00
    Parent name:\xff\xfeN\x00o\x00n\x00e\x00
    Parent name:\xff\xfeN\x00o\x00n\x00e\x00
    Parent name:\xff\xfeN\x00o\x00n\x00e\x00
    Parent name:\xff\xfeN\x00o\x00n\x00e\x00
    Parent name:\xff\xfeN\x00o\x00n\x00e\x00
    Parent name:\xff\xfeN\x00o\x00n\x00e\x00
    Parent name:\xff\xfeN\x00o\x00n\x00e\x00
    Parent name:\xff\xfeN\x00o\x00n\x00e\x00
    Parent name:\xff\xfeN\x00o\x00n\x00e\x00
    Parent name:\xff\xfeN\x00o\x00n\x00e\x00
    Parent name:\xff\xfeN\x00o\x00n\x00e\x00
    Parent name:\xff\xfeN\x00o\x00n\x00e\x00
    Parent name:\xff\xfeN\x00o\x00n\x00e\x00
    Parent name:\xff\xfeN\x00o\x00n\x00e\x00
    Parent name:\xff\xfeN\x00o\x00n\x00e\x00
    Parent name:\xff\xfeN\x00o\x00n\x00e\x00
    Parent name:\xff\xfeN\x00o\x00n\x00e\x00
    Parent name:\xff\xfeN\x00o\x00n\x00e\x00

SplitOrMergeObjects:[module_num:13|svn_version:\'Unknown\'|variable_revision_number:6|show_window:False|notes:\x5B\x5D|batch_state:array(\x5B\x5D, dtype=uint8)|enabled:True|wants_pause:False]
    Select the input objects:\xff\xfeS\x00p\x00o\x00t\x00s\x00_\x00P\x00r\x00i\x00m\x00a\x00r\x00y\x00_\x00O\x00b\x00j\x00e\x00c\x00t\x00s\x00
    Name the new objects:\xff\xfeS\x00p\x00o\x00t\x00s\x00I\x00n\x00C\x00e\x00l\x00l\x00s\x00_\x00m\x00e\x00r\x00g\x00e\x00d\x00
    Operation:\xff\xfeM\x00e\x00r\x00g\x00e\x00
    Maximum distance within which to merge objects:\xff\xfe0\x00
    Merge using a grayscale image?:\xff\xfeN\x00o\x00
    Select the grayscale image to guide merging:\xff\xfeN\x00o\x00n\x00e\x00
    Minimum intensity fraction:\xff\xfe0\x00.\x009\x00
    Method to find object intensity:\xff\xfeC\x00l\x00o\x00s\x00e\x00s\x00t\x00 \x00p\x00o\x00i\x00n\x00t\x00
    Merging method:\xff\xfeP\x00e\x00r\x00-\x00p\x00a\x00r\x00e\x00n\x00t\x00
    Select the parent object:\xff\xfeC\x00e\x00l\x00l\x00s\x00_\x00P\x00r\x00i\x00m\x00a\x00r\x00y\x00_\x00o\x00b\x00j\x00e\x00c\x00t\x00s\x00
    Output object type:\xff\xfeD\x00i\x00s\x00c\x00o\x00n\x00n\x00e\x00c\x00t\x00e\x00d\x00

TrackObjects:[module_num:14|svn_version:\'Unknown\'|variable_revision_number:7|show_window:False|notes:\x5B\x5D|batch_state:array(\x5B\x5D, dtype=uint8)|enabled:True|wants_pause:False]
    Choose a tracking method:\xff\xfeO\x00v\x00e\x00r\x00l\x00a\x00p\x00
    Select the objects to track:\xff\xfeC\x00e\x00l\x00l\x00s\x00_\x00P\x00r\x00i\x00m\x00a\x00r\x00y\x00_\x00o\x00b\x00j\x00e\x00c\x00t\x00s\x00
    Select object measurement to use for tracking:\xff\xfeN\x00o\x00n\x00e\x00
    Maximum pixel distance to consider matches:\xff\xfe5\x000\x00
    Select display option:\xff\xfeC\x00o\x00l\x00o\x00r\x00 \x00a\x00n\x00d\x00 \x00N\x00u\x00m\x00b\x00e\x00r\x00
    Save color-coded image?:\xff\xfeY\x00e\x00s\x00
    Name the output image:\xff\xfeT\x00r\x00a\x00c\x00k\x00e\x00d\x00C\x00e\x00l\x00l\x00s\x00
    Select the movement model:\xff\xfeB\x00o\x00t\x00h\x00
    Number of standard deviations for search radius:\xff\xfe3\x00.\x000\x00
    Search radius limit, in pixel units (Min,Max):\xff\xfe2\x00.\x000\x00,\x001\x000\x00.\x000\x00
    Run the second phase of the LAP algorithm?:\xff\xfeY\x00e\x00s\x00
    Gap closing cost:\xff\xfe4\x000\x00
    Split alternative cost:\xff\xfe4\x000\x00
    Merge alternative cost:\xff\xfe4\x000\x00
    Maximum gap displacement, in pixel units:\xff\xfe5\x00
    Maximum split score:\xff\xfe5\x000\x00
    Maximum merge score:\xff\xfe5\x000\x00
    Maximum temporal gap, in frames:\xff\xfe5\x00
    Filter objects by lifetime?:\xff\xfeN\x00o\x00
    Filter using a minimum lifetime?:\xff\xfeY\x00e\x00s\x00
    Minimum lifetime:\xff\xfe1\x00
    Filter using a maximum lifetime?:\xff\xfeN\x00o\x00
    Maximum lifetime:\xff\xfe1\x000\x000\x00
    Mitosis alternative cost:\xff\xfe8\x000\x00
    Maximum mitosis distance, in pixel units:\xff\xfe4\x000\x00
    Average cell diameter in pixels:\xff\xfe3\x005\x00.\x000\x00
    Use advanced configuration parameters:\xff\xfeN\x00o\x00
    Cost of cell to empty matching:\xff\xfe1\x005\x00.\x000\x00
    Weight of area difference in function matching cost:\xff\xfe2\x005\x00.\x000\x00

OverlayObjects:[module_num:15|svn_version:\'Unknown\'|variable_revision_number:1|show_window:False|notes:\x5B\x5D|batch_state:array(\x5B\x5D, dtype=uint8)|enabled:True|wants_pause:False]
    Input:\xff\xfeC\x00e\x00l\x00l\x00s\x00
    Name the output image:\xff\xfeS\x00p\x00o\x00t\x00s\x00I\x00n\x00C\x00e\x00l\x00l\x00s\x00_\x00m\x00e\x00r\x00g\x00e\x00d\x00_\x00o\x00v\x00e\x00r\x00l\x00a\x00y\x00
    Objects:\xff\xfeS\x00p\x00o\x00t\x00s\x00I\x00n\x00C\x00e\x00l\x00l\x00s\x00_\x00m\x00e\x00r\x00g\x00e\x00d\x00
    Opacity:\xff\xfe0\x00.\x000\x002\x00

MeasureObjectIntensity:[module_num:16|svn_version:\'Unknown\'|variable_revision_number:3|show_window:False|notes:\x5B\x5D|batch_state:array(\x5B\x5D, dtype=uint8)|enabled:True|wants_pause:False]
    Hidden:\xff\xfe1\x00
    Select an image to measure:\xff\xfeS\x00p\x00o\x00t\x00s\x00_\x00e\x00r\x00o\x00d\x00e\x00d\x00
    Select objects to measure:\xff\xfeS\x00p\x00o\x00t\x00s\x00I\x00n\x00C\x00e\x00l\x00l\x00s\x00_\x00m\x00e\x00r\x00g\x00e\x00d\x00

OverlayObjects:[module_num:17|svn_version:\'Unknown\'|variable_revision_number:1|show_window:False|notes:\x5B\x5D|batch_state:array(\x5B\x5D, dtype=uint8)|enabled:True|wants_pause:False]
    Input:\xff\xfeC\x00e\x00l\x00l\x00s\x00
    Name the output image:\xff\xfeO\x00v\x00e\x00r\x00l\x00a\x00y\x00_\x00I\x00m\x00a\x00g\x00e\x00_\x00S\x00p\x00o\x00t\x00s\x00_\x00I\x00n\x00s\x00i\x00d\x00e\x00_\x00C\x00e\x00l\x00l\x00s\x00
    Objects:\xff\xfeS\x00p\x00o\x00t\x00s\x00_\x00i\x00n\x00s\x00i\x00d\x00e\x00_\x00c\x00e\x00l\x00l\x00s\x00
    Opacity:\xff\xfe0\x00.\x000\x002\x00

RescaleIntensity:[module_num:18|svn_version:\'Unknown\'|variable_revision_number:3|show_window:False|notes:\x5B\x5D|batch_state:array(\x5B\x5D, dtype=uint8)|enabled:True|wants_pause:False]
    Select the input image:\xff\xfeS\x00p\x00o\x00t\x00s\x00I\x00n\x00C\x00e\x00l\x00l\x00s\x00_\x00m\x00e\x00r\x00g\x00e\x00d\x00_\x00o\x00v\x00e\x00r\x00l\x00a\x00y\x00
    Name the output image:\xff\xfeO\x00v\x00e\x00r\x00l\x00a\x00y\x00_\x00r\x00e\x00s\x00c\x00a\x00l\x00e\x00d\x00
    Rescaling method:\xff\xfeC\x00h\x00o\x00o\x00s\x00e\x00 \x00s\x00p\x00e\x00c\x00i\x00f\x00i\x00c\x00 \x00v\x00a\x00l\x00u\x00e\x00s\x00 \x00t\x00o\x00 \x00b\x00e\x00 \x00r\x00e\x00s\x00e\x00t\x00 \x00t\x00o\x00 \x00t\x00h\x00e\x00 \x00f\x00u\x00l\x00l\x00 \x00i\x00n\x00t\x00e\x00n\x00s\x00i\x00t\x00y\x00 \x00r\x00a\x00n\x00g\x00e\x00
    Method to calculate the minimum intensity:\xff\xfeC\x00u\x00s\x00t\x00o\x00m\x00
    Method to calculate the maximum intensity:\xff\xfeC\x00u\x00s\x00t\x00o\x00m\x00
    Lower intensity limit for the input image:\xff\xfe0\x00.\x000\x00
    Upper intensity limit for the input image:\xff\xfe1\x00.\x000\x00
    Intensity range for the input image:\xff\xfe0\x00,\x000\x00.\x000\x008\x00
    Intensity range for the output image:\xff\xfe0\x00.\x000\x00,\x001\x00.\x000\x00
    Select image to match in maximum intensity:\xff\xfeN\x00o\x00n\x00e\x00
    Divisor value:\xff\xfe1\x00.\x000\x00
    Divisor measurement:\xff\xfeN\x00o\x00n\x00e\x00

ExportToSpreadsheet:[module_num:19|svn_version:\'Unknown\'|variable_revision_number:12|show_window:False|notes:\x5B\x5D|batch_state:array(\x5B\x5D, dtype=uint8)|enabled:True|wants_pause:False]
    Select the column delimiter:\xff\xfeC\x00o\x00m\x00m\x00a\x00 \x00(\x00""\x00,\x00""\x00)\x00
    Add image metadata columns to your object data file?:\xff\xfeN\x00o\x00
    Select the measurements to export:\xff\xfeY\x00e\x00s\x00
    Calculate the per-image mean values for object measurements?:\xff\xfeN\x00o\x00
    Calculate the per-image median values for object measurements?:\xff\xfeN\x00o\x00
    Calculate the per-image standard deviation values for object measurements?:\xff\xfeN\x00o\x00
    Output file location:\xff\xfeD\x00e\x00f\x00a\x00u\x00l\x00t\x00 \x00I\x00n\x00p\x00u\x00t\x00 \x00F\x00o\x00l\x00d\x00e\x00r\x00 \x00s\x00u\x00b\x00-\x00f\x00o\x00l\x00d\x00e\x00r\x00\x7C\x00D\x00e\x00s\x00k\x00t\x00o\x00p\x00/\x00R\x00N\x00A\x00s\x00c\x00o\x00p\x00e\x00_\x00I\x00m\x00a\x00g\x00e\x00_\x00A\x00n\x00a\x00l\x00y\x00s\x00i\x00s\x00/\x00R\x003\x007\x004\x00/\x00A\x00N\x00A\x00L\x00Y\x00S\x00I\x00S\x00/\x00C\x00o\x00l\x00o\x00n\x00_\x004\x000\x00x\x002\x00x\x00/\x00G\x00F\x00/\x001\x00/\x00C\x001\x00
    Create a GenePattern GCT file?:\xff\xfeN\x00o\x00
    Select source of sample row name:\xff\xfeM\x00e\x00t\x00a\x00d\x00a\x00t\x00a\x00
    Select the image to use as the identifier:\xff\xfeN\x00o\x00n\x00e\x00
    Select the metadata to use as the identifier:\xff\xfeN\x00o\x00n\x00e\x00
    Export all measurement types?:\xff\xfeY\x00e\x00s\x00
    Press button to select measurements:\xff\xfeI\x00m\x00a\x00g\x00e\x00\x7C\x00F\x00i\x00l\x00e\x00N\x00a\x00m\x00e\x00_\x00C\x00e\x00l\x00l\x00s\x00,\x00I\x00m\x00a\x00g\x00e\x00\x7C\x00F\x00i\x00l\x00e\x00N\x00a\x00m\x00e\x00_\x00S\x00p\x00o\x00t\x00s\x00,\x00S\x00p\x00o\x00t\x00s\x00_\x00P\x00r\x00i\x00m\x00a\x00r\x00y\x00_\x00O\x00b\x00j\x00e\x00c\x00t\x00s\x00\x7C\x00P\x00a\x00r\x00e\x00n\x00t\x00_\x00C\x00e\x00l\x00l\x00s\x00_\x00P\x00r\x00i\x00m\x00a\x00r\x00y\x00_\x00o\x00b\x00j\x00e\x00c\x00t\x00s\x00,\x00S\x00p\x00o\x00t\x00s\x00_\x00P\x00r\x00i\x00m\x00a\x00r\x00y\x00_\x00O\x00b\x00j\x00e\x00c\x00t\x00s\x00\x7C\x00N\x00u\x00m\x00b\x00e\x00r\x00_\x00O\x00b\x00j\x00e\x00c\x00t\x00_\x00N\x00u\x00m\x00b\x00e\x00r\x00,\x00S\x00p\x00o\x00t\x00s\x00_\x00P\x00r\x00i\x00m\x00a\x00r\x00y\x00_\x00O\x00b\x00j\x00e\x00c\x00t\x00s\x00\x7C\x00I\x00n\x00t\x00e\x00n\x00s\x00i\x00t\x00y\x00_\x00M\x00a\x00s\x00s\x00D\x00i\x00s\x00p\x00l\x00a\x00c\x00e\x00m\x00e\x00n\x00t\x00_\x00S\x00p\x00o\x00t\x00s\x00_\x00e\x00r\x00o\x00d\x00e\x00d\x00,\x00S\x00p\x00o\x00t\x00s\x00_\x00P\x00r\x00i\x00m\x00a\x00r\x00y\x00_\x00O\x00b\x00j\x00e\x00c\x00t\x00s\x00\x7C\x00I\x00n\x00t\x00e\x00n\x00s\x00i\x00t\x00y\x00_\x00M\x00i\x00n\x00I\x00n\x00t\x00e\x00n\x00s\x00i\x00t\x00y\x00_\x00S\x00p\x00o\x00t\x00s\x00_\x00e\x00r\x00o\x00d\x00e\x00d\x00,\x00S\x00p\x00o\x00t\x00s\x00_\x00P\x00r\x00i\x00m\x00a\x00r\x00y\x00_\x00O\x00b\x00j\x00e\x00c\x00t\x00s\x00\x7C\x00I\x00n\x00t\x00e\x00n\x00s\x00i\x00t\x00y\x00_\x00I\x00n\x00t\x00e\x00g\x00r\x00a\x00t\x00e\x00d\x00I\x00n\x00t\x00e\x00n\x00s\x00i\x00t\x00y\x00E\x00d\x00g\x00e\x00_\x00S\x00p\x00o\x00t\x00s\x00_\x00e\x00r\x00o\x00d\x00e\x00d\x00,\x00S\x00p\x00o\x00t\x00s\x00_\x00P\x00r\x00i\x00m\x00a\x00r\x00y\x00_\x00O\x00b\x00j\x00e\x00c\x00t\x00s\x00\x7C\x00I\x00n\x00t\x00e\x00n\x00s\x00i\x00t\x00y\x00_\x00S\x00t\x00d\x00I\x00n\x00t\x00e\x00n\x00s\x00i\x00t\x00y\x00_\x00S\x00p\x00o\x00t\x00s\x00_\x00e\x00r\x00o\x00d\x00e\x00d\x00,\x00S\x00p\x00o\x00t\x00s\x00_\x00P\x00r\x00i\x00m\x00a\x00r\x00y\x00_\x00O\x00b\x00j\x00e\x00c\x00t\x00s\x00\x7C\x00I\x00n\x00t\x00e\x00n\x00s\x00i\x00t\x00y\x00_\x00M\x00i\x00n\x00I\x00n\x00t\x00e\x00n\x00s\x00i\x00t\x00y\x00E\x00d\x00g\x00e\x00_\x00S\x00p\x00o\x00t\x00s\x00_\x00e\x00r\x00o\x00d\x00e\x00d\x00,\x00S\x00p\x00o\x00t\x00s\x00_\x00P\x00r\x00i\x00m\x00a\x00r\x00y\x00_\x00O\x00b\x00j\x00e\x00c\x00t\x00s\x00\x7C\x00I\x00n\x00t\x00e\x00n\x00s\x00i\x00t\x00y\x00_\x00L\x00o\x00w\x00e\x00r\x00Q\x00u\x00a\x00r\x00t\x00i\x00l\x00e\x00I\x00n\x00t\x00e\x00n\x00s\x00i\x00t\x00y\x00_\x00S\x00p\x00o\x00t\x00s\x00_\x00e\x00r\x00o\x00d\x00e\x00d\x00,\x00S\x00p\x00o\x00t\x00s\x00_\x00P\x00r\x00i\x00m\x00a\x00r\x00y\x00_\x00O\x00b\x00j\x00e\x00c\x00t\x00s\x00\x7C\x00I\x00n\x00t\x00e\x00n\x00s\x00i\x00t\x00y\x00_\x00U\x00p\x00p\x00e\x00r\x00Q\x00u\x00a\x00r\x00t\x00i\x00l\x00e\x00I\x00n\x00t\x00e\x00n\x00s\x00i\x00t\x00y\x00_\x00S\x00p\x00o\x00t\x00s\x00_\x00e\x00r\x00o\x00d\x00e\x00d\x00,\x00S\x00p\x00o\x00t\x00s\x00_\x00P\x00r\x00i\x00m\x00a\x00r\x00y\x00_\x00O\x00b\x00j\x00e\x00c\x00t\x00s\x00\x7C\x00I\x00n\x00t\x00e\x00n\x00s\x00i\x00t\x00y\x00_\x00M\x00A\x00D\x00I\x00n\x00t\x00e\x00n\x00s\x00i\x00t\x00y\x00_\x00S\x00p\x00o\x00t\x00s\x00_\x00e\x00r\x00o\x00d\x00e\x00d\x00,\x00S\x00p\x00o\x00t\x00s\x00_\x00P\x00r\x00i\x00m\x00a\x00r\x00y\x00_\x00O\x00b\x00j\x00e\x00c\x00t\x00s\x00\x7C\x00I\x00n\x00t\x00e\x00n\x00s\x00i\x00t\x00y\x00_\x00M\x00e\x00a\x00n\x00I\x00n\x00t\x00e\x00n\x00s\x00i\x00t\x00y\x00_\x00S\x00p\x00o\x00t\x00s\x00_\x00e\x00r\x00o\x00d\x00e\x00d\x00,\x00S\x00p\x00o\x00t\x00s\x00_\x00P\x00r\x00i\x00m\x00a\x00r\x00y\x00_\x00O\x00b\x00j\x00e\x00c\x00t\x00s\x00\x7C\x00I\x00n\x00t\x00e\x00n\x00s\x00i\x00t\x00y\x00_\x00M\x00e\x00a\x00n\x00I\x00n\x00t\x00e\x00n\x00s\x00i\x00t\x00y\x00E\x00d\x00g\x00e\x00_\x00S\x00p\x00o\x00t\x00s\x00_\x00e\x00r\x00o\x00d\x00e\x00d\x00,\x00S\x00p\x00o\x00t\x00s\x00_\x00P\x00r\x00i\x00m\x00a\x00r\x00y\x00_\x00O\x00b\x00j\x00e\x00c\x00t\x00s\x00\x7C\x00I\x00n\x00t\x00e\x00n\x00s\x00i\x00t\x00y\x00_\x00M\x00a\x00x\x00I\x00n\x00t\x00e\x00n\x00s\x00i\x00t\x00y\x00_\x00S\x00p\x00o\x00t\x00s\x00_\x00e\x00r\x00o\x00d\x00e\x00d\x00,\x00S\x00p\x00o\x00t\x00s\x00_\x00P\x00r\x00i\x00m\x00a\x00r\x00y\x00_\x00O\x00b\x00j\x00e\x00c\x00t\x00s\x00\x7C\x00I\x00n\x00t\x00e\x00n\x00s\x00i\x00t\x00y\x00_\x00M\x00e\x00d\x00i\x00a\x00n\x00I\x00n\x00t\x00e\x00n\x00s\x00i\x00t\x00y\x00_\x00S\x00p\x00o\x00t\x00s\x00_\x00e\x00r\x00o\x00d\x00e\x00d\x00,\x00S\x00p\x00o\x00t\x00s\x00_\x00P\x00r\x00i\x00m\x00a\x00r\x00y\x00_\x00O\x00b\x00j\x00e\x00c\x00t\x00s\x00\x7C\x00I\x00n\x00t\x00e\x00n\x00s\x00i\x00t\x00y\x00_\x00I\x00n\x00t\x00e\x00g\x00r\x00a\x00t\x00e\x00d\x00I\x00n\x00t\x00e\x00n\x00s\x00i\x00t\x00y\x00_\x00S\x00p\x00o\x00t\x00s\x00_\x00e\x00r\x00o\x00d\x00e\x00d\x00,\x00S\x00p\x00o\x00t\x00s\x00_\x00P\x00r\x00i\x00m\x00a\x00r\x00y\x00_\x00O\x00b\x00j\x00e\x00c\x00t\x00s\x00\x7C\x00I\x00n\x00t\x00e\x00n\x00s\x00i\x00t\x00y\x00_\x00M\x00a\x00x\x00I\x00n\x00t\x00e\x00n\x00s\x00i\x00t\x00y\x00E\x00d\x00g\x00e\x00_\x00S\x00p\x00o\x00t\x00s\x00_\x00e\x00r\x00o\x00d\x00e\x00d\x00,\x00S\x00p\x00o\x00t\x00s\x00_\x00P\x00r\x00i\x00m\x00a\x00r\x00y\x00_\x00O\x00b\x00j\x00e\x00c\x00t\x00s\x00\x7C\x00I\x00n\x00t\x00e\x00n\x00s\x00i\x00t\x00y\x00_\x00S\x00t\x00d\x00I\x00n\x00t\x00e\x00n\x00s\x00i\x00t\x00y\x00E\x00d\x00g\x00e\x00_\x00S\x00p\x00o\x00t\x00s\x00_\x00e\x00r\x00o\x00d\x00e\x00d\x00,\x00S\x00p\x00o\x00t\x00s\x00_\x00P\x00r\x00i\x00m\x00a\x00r\x00y\x00_\x00O\x00b\x00j\x00e\x00c\x00t\x00s\x00\x7C\x00L\x00o\x00c\x00a\x00t\x00i\x00o\x00n\x00_\x00C\x00e\x00n\x00t\x00e\x00r\x00_\x00Y\x00,\x00S\x00p\x00o\x00t\x00s\x00_\x00P\x00r\x00i\x00m\x00a\x00r\x00y\x00_\x00O\x00b\x00j\x00e\x00c\x00t\x00s\x00\x7C\x00L\x00o\x00c\x00a\x00t\x00i\x00o\x00n\x00_\x00C\x00e\x00n\x00t\x00e\x00r\x00_\x00X\x00,\x00S\x00p\x00o\x00t\x00s\x00_\x00P\x00r\x00i\x00m\x00a\x00r\x00y\x00_\x00O\x00b\x00j\x00e\x00c\x00t\x00s\x00\x7C\x00L\x00o\x00c\x00a\x00t\x00i\x00o\x00n\x00_\x00C\x00e\x00n\x00t\x00e\x00r\x00_\x00Z\x00,\x00S\x00p\x00o\x00t\x00s\x00_\x00P\x00r\x00i\x00m\x00a\x00r\x00y\x00_\x00O\x00b\x00j\x00e\x00c\x00t\x00s\x00\x7C\x00C\x00h\x00i\x00l\x00d\x00r\x00e\x00n\x00_\x00S\x00p\x00o\x00t\x00s\x00I\x00n\x00C\x00e\x00l\x00l\x00s\x00_\x00m\x00e\x00r\x00g\x00e\x00d\x00_\x00C\x00o\x00u\x00n\x00t\x00,\x00E\x00x\x00p\x00e\x00r\x00i\x00m\x00e\x00n\x00t\x00\x7C\x00M\x00o\x00d\x00i\x00f\x00i\x00c\x00a\x00t\x00i\x00o\x00n\x00_\x00T\x00i\x00m\x00e\x00s\x00t\x00a\x00m\x00p\x00,\x00E\x00x\x00p\x00e\x00r\x00i\x00m\x00e\x00n\x00t\x00\x7C\x00P\x00i\x00p\x00e\x00l\x00i\x00n\x00e\x00_\x00P\x00i\x00p\x00e\x00l\x00i\x00n\x00e\x00,\x00E\x00x\x00p\x00e\x00r\x00i\x00m\x00e\x00n\x00t\x00\x7C\x00C\x00e\x00l\x00l\x00P\x00r\x00o\x00f\x00i\x00l\x00e\x00r\x00_\x00V\x00e\x00r\x00s\x00i\x00o\x00n\x00,\x00E\x00x\x00p\x00e\x00r\x00i\x00m\x00e\x00n\x00t\x00\x7C\x00R\x00u\x00n\x00_\x00T\x00i\x00m\x00e\x00s\x00t\x00a\x00m\x00p\x00,\x00C\x00e\x00l\x00l\x00s\x00_\x00P\x00r\x00i\x00m\x00a\x00r\x00y\x00_\x00o\x00b\x00j\x00e\x00c\x00t\x00s\x00\x7C\x00T\x00r\x00a\x00c\x00k\x00O\x00b\x00j\x00e\x00c\x00t\x00s\x00_\x00P\x00a\x00r\x00e\x00n\x00t\x00O\x00b\x00j\x00e\x00c\x00t\x00N\x00u\x00m\x00b\x00e\x00r\x00_\x005\x000\x00,\x00C\x00e\x00l\x00l\x00s\x00_\x00P\x00r\x00i\x00m\x00a\x00r\x00y\x00_\x00o\x00b\x00j\x00e\x00c\x00t\x00s\x00\x7C\x00T\x00r\x00a\x00c\x00k\x00O\x00b\x00j\x00e\x00c\x00t\x00s\x00_\x00L\x00i\x00n\x00e\x00a\x00r\x00i\x00t\x00y\x00_\x005\x000\x00,\x00C\x00e\x00l\x00l\x00s\x00_\x00P\x00r\x00i\x00m\x00a\x00r\x00y\x00_\x00o\x00b\x00j\x00e\x00c\x00t\x00s\x00\x7C\x00T\x00r\x00a\x00c\x00k\x00O\x00b\x00j\x00e\x00c\x00t\x00s\x00_\x00L\x00a\x00b\x00e\x00l\x00_\x005\x000\x00,\x00C\x00e\x00l\x00l\x00s\x00_\x00P\x00r\x00i\x00m\x00a\x00r\x00y\x00_\x00o\x00b\x00j\x00e\x00c\x00t\x00s\x00\x7C\x00T\x00r\x00a\x00c\x00k\x00O\x00b\x00j\x00e\x00c\x00t\x00s\x00_\x00L\x00i\x00f\x00e\x00t\x00i\x00m\x00e\x00_\x005\x000\x00,\x00C\x00e\x00l\x00l\x00s\x00_\x00P\x00r\x00i\x00m\x00a\x00r\x00y\x00_\x00o\x00b\x00j\x00e\x00c\x00t\x00s\x00\x7C\x00T\x00r\x00a\x00c\x00k\x00O\x00b\x00j\x00e\x00c\x00t\x00s\x00_\x00P\x00a\x00r\x00e\x00n\x00t\x00I\x00m\x00a\x00g\x00e\x00N\x00u\x00m\x00b\x00e\x00r\x00_\x005\x000\x00,\x00C\x00e\x00l\x00l\x00s\x00_\x00P\x00r\x00i\x00m\x00a\x00r\x00y\x00_\x00o\x00b\x00j\x00e\x00c\x00t\x00s\x00\x7C\x00N\x00u\x00m\x00b\x00e\x00r\x00_\x00O\x00b\x00j\x00e\x00c\x00t\x00_\x00N\x00u\x00m\x00b\x00e\x00r\x00,\x00C\x00e\x00l\x00l\x00s\x00_\x00P\x00r\x00i\x00m\x00a\x00r\x00y\x00_\x00o\x00b\x00j\x00e\x00c\x00t\x00s\x00\x7C\x00M\x00e\x00a\x00n\x00_\x00S\x00p\x00o\x00t\x00s\x00_\x00P\x00r\x00i\x00m\x00a\x00r\x00y\x00_\x00O\x00b\x00j\x00e\x00c\x00t\x00s\x00_\x00I\x00n\x00t\x00e\x00n\x00s\x00i\x00t\x00y\x00_\x00I\x00n\x00t\x00e\x00g\x00r\x00a\x00t\x00e\x00d\x00I\x00n\x00t\x00e\x00n\x00s\x00i\x00t\x00y\x00_\x00S\x00p\x00o\x00t\x00s\x00_\x00e\x00r\x00o\x00d\x00e\x00d\x00,\x00C\x00e\x00l\x00l\x00s\x00_\x00P\x00r\x00i\x00m\x00a\x00r\x00y\x00_\x00o\x00b\x00j\x00e\x00c\x00t\x00s\x00\x7C\x00M\x00e\x00a\x00n\x00_\x00S\x00p\x00o\x00t\x00s\x00_\x00P\x00r\x00i\x00m\x00a\x00r\x00y\x00_\x00O\x00b\x00j\x00e\x00c\x00t\x00s\x00_\x00N\x00u\x00m\x00b\x00e\x00r\x00_\x00O\x00b\x00j\x00e\x00c\x00t\x00_\x00N\x00u\x00m\x00b\x00e\x00r\x00,\x00S\x00p\x00o\x00t\x00s\x00I\x00n\x00C\x00e\x00l\x00l\x00s\x00_\x00m\x00e\x00r\x00g\x00e\x00d\x00\x7C\x00I\x00n\x00t\x00e\x00n\x00s\x00i\x00t\x00y\x00_\x00S\x00t\x00d\x00I\x00n\x00t\x00e\x00n\x00s\x00i\x00t\x00y\x00E\x00d\x00g\x00e\x00_\x00S\x00p\x00o\x00t\x00s\x00_\x00e\x00r\x00o\x00d\x00e\x00d\x00,\x00S\x00p\x00o\x00t\x00s\x00I\x00n\x00C\x00e\x00l\x00l\x00s\x00_\x00m\x00e\x00r\x00g\x00e\x00d\x00\x7C\x00I\x00n\x00t\x00e\x00n\x00s\x00i\x00t\x00y\x00_\x00M\x00i\x00n\x00I\x00n\x00t\x00e\x00n\x00s\x00i\x00t\x00y\x00_\x00S\x00p\x00o\x00t\x00s\x00_\x00e\x00r\x00o\x00d\x00e\x00d\x00,\x00S\x00p\x00o\x00t\x00s\x00I\x00n\x00C\x00e\x00l\x00l\x00s\x00_\x00m\x00e\x00r\x00g\x00e\x00d\x00\x7C\x00I\x00n\x00t\x00e\x00n\x00s\x00i\x00t\x00y\x00_\x00S\x00t\x00d\x00I\x00n\x00t\x00e\x00n\x00s\x00i\x00t\x00y\x00_\x00S\x00p\x00o\x00t\x00s\x00_\x00e\x00r\x00o\x00d\x00e\x00d\x00,\x00S\x00p\x00o\x00t\x00s\x00I\x00n\x00C\x00e\x00l\x00l\x00s\x00_\x00m\x00e\x00r\x00g\x00e\x00d\x00\x7C\x00I\x00n\x00t\x00e\x00n\x00s\x00i\x00t\x00y\x00_\x00I\x00n\x00t\x00e\x00g\x00r\x00a\x00t\x00e\x00d\x00I\x00n\x00t\x00e\x00n\x00s\x00i\x00t\x00y\x00E\x00d\x00g\x00e\x00_\x00S\x00p\x00o\x00t\x00s\x00_\x00e\x00r\x00o\x00d\x00e\x00d\x00,\x00S\x00p\x00o\x00t\x00s\x00I\x00n\x00C\x00e\x00l\x00l\x00s\x00_\x00m\x00e\x00r\x00g\x00e\x00d\x00\x7C\x00I\x00n\x00t\x00e\x00n\x00s\x00i\x00t\x00y\x00_\x00M\x00i\x00n\x00I\x00n\x00t\x00e\x00n\x00s\x00i\x00t\x00y\x00E\x00d\x00g\x00e\x00_\x00S\x00p\x00o\x00t\x00s\x00_\x00e\x00r\x00o\x00d\x00e\x00d\x00,\x00S\x00p\x00o\x00t\x00s\x00I\x00n\x00C\x00e\x00l\x00l\x00s\x00_\x00m\x00e\x00r\x00g\x00e\x00d\x00\x7C\x00I\x00n\x00t\x00e\x00n\x00s\x00i\x00t\x00y\x00_\x00L\x00o\x00w\x00e\x00r\x00Q\x00u\x00a\x00r\x00t\x00i\x00l\x00e\x00I\x00n\x00t\x00e\x00n\x00s\x00i\x00t\x00y\x00_\x00S\x00p\x00o\x00t\x00s\x00_\x00e\x00r\x00o\x00d\x00e\x00d\x00,\x00S\x00p\x00o\x00t\x00s\x00I\x00n\x00C\x00e\x00l\x00l\x00s\x00_\x00m\x00e\x00r\x00g\x00e\x00d\x00\x7C\x00I\x00n\x00t\x00e\x00n\x00s\x00i\x00t\x00y\x00_\x00U\x00p\x00p\x00e\x00r\x00Q\x00u\x00a\x00r\x00t\x00i\x00l\x00e\x00I\x00n\x00t\x00e\x00n\x00s\x00i\x00t\x00y\x00_\x00S\x00p\x00o\x00t\x00s\x00_\x00e\x00r\x00o\x00d\x00e\x00d\x00,\x00S\x00p\x00o\x00t\x00s\x00I\x00n\x00C\x00e\x00l\x00l\x00s\x00_\x00m\x00e\x00r\x00g\x00e\x00d\x00\x7C\x00I\x00n\x00t\x00e\x00n\x00s\x00i\x00t\x00y\x00_\x00M\x00A\x00D\x00I\x00n\x00t\x00e\x00n\x00s\x00i\x00t\x00y\x00_\x00S\x00p\x00o\x00t\x00s\x00_\x00e\x00r\x00o\x00d\x00e\x00d\x00,\x00S\x00p\x00o\x00t\x00s\x00I\x00n\x00C\x00e\x00l\x00l\x00s\x00_\x00m\x00e\x00r\x00g\x00e\x00d\x00\x7C\x00I\x00n\x00t\x00e\x00n\x00s\x00i\x00t\x00y\x00_\x00M\x00e\x00a\x00n\x00I\x00n\x00t\x00e\x00n\x00s\x00i\x00t\x00y\x00_\x00S\x00p\x00o\x00t\x00s\x00_\x00e\x00r\x00o\x00d\x00e\x00d\x00,\x00S\x00p\x00o\x00t\x00s\x00I\x00n\x00C\x00e\x00l\x00l\x00s\x00_\x00m\x00e\x00r\x00g\x00e\x00d\x00\x7C\x00I\x00n\x00t\x00e\x00n\x00s\x00i\x00t\x00y\x00_\x00M\x00e\x00a\x00n\x00I\x00n\x00t\x00e\x00n\x00s\x00i\x00t\x00y\x00E\x00d\x00g\x00e\x00_\x00S\x00p\x00o\x00t\x00s\x00_\x00e\x00r\x00o\x00d\x00e\x00d\x00,\x00S\x00p\x00o\x00t\x00s\x00I\x00n\x00C\x00e\x00l\x00l\x00s\x00_\x00m\x00e\x00r\x00g\x00e\x00d\x00\x7C\x00I\x00n\x00t\x00e\x00n\x00s\x00i\x00t\x00y\x00_\x00M\x00a\x00x\x00I\x00n\x00t\x00e\x00n\x00s\x00i\x00t\x00y\x00_\x00S\x00p\x00o\x00t\x00s\x00_\x00e\x00r\x00o\x00d\x00e\x00d\x00,\x00S\x00p\x00o\x00t\x00s\x00I\x00n\x00C\x00e\x00l\x00l\x00s\x00_\x00m\x00e\x00r\x00g\x00e\x00d\x00\x7C\x00I\x00n\x00t\x00e\x00n\x00s\x00i\x00t\x00y\x00_\x00M\x00e\x00d\x00i\x00a\x00n\x00I\x00n\x00t\x00e\x00n\x00s\x00i\x00t\x00y\x00_\x00S\x00p\x00o\x00t\x00s\x00_\x00e\x00r\x00o\x00d\x00e\x00d\x00,\x00S\x00p\x00o\x00t\x00s\x00I\x00n\x00C\x00e\x00l\x00l\x00s\x00_\x00m\x00e\x00r\x00g\x00e\x00d\x00\x7C\x00I\x00n\x00t\x00e\x00n\x00s\x00i\x00t\x00y\x00_\x00M\x00a\x00s\x00s\x00D\x00i\x00s\x00p\x00l\x00a\x00c\x00e\x00m\x00e\x00n\x00t\x00_\x00S\x00p\x00o\x00t\x00s\x00_\x00e\x00r\x00o\x00d\x00e\x00d\x00,\x00S\x00p\x00o\x00t\x00s\x00I\x00n\x00C\x00e\x00l\x00l\x00s\x00_\x00m\x00e\x00r\x00g\x00e\x00d\x00\x7C\x00I\x00n\x00t\x00e\x00n\x00s\x00i\x00t\x00y\x00_\x00I\x00n\x00t\x00e\x00g\x00r\x00a\x00t\x00e\x00d\x00I\x00n\x00t\x00e\x00n\x00s\x00i\x00t\x00y\x00_\x00S\x00p\x00o\x00t\x00s\x00_\x00e\x00r\x00o\x00d\x00e\x00d\x00,\x00S\x00p\x00o\x00t\x00s\x00I\x00n\x00C\x00e\x00l\x00l\x00s\x00_\x00m\x00e\x00r\x00g\x00e\x00d\x00\x7C\x00I\x00n\x00t\x00e\x00n\x00s\x00i\x00t\x00y\x00_\x00M\x00a\x00x\x00I\x00n\x00t\x00e\x00n\x00s\x00i\x00t\x00y\x00E\x00d\x00g\x00e\x00_\x00S\x00p\x00o\x00t\x00s\x00_\x00e\x00r\x00o\x00d\x00e\x00d\x00,\x00S\x00p\x00o\x00t\x00s\x00I\x00n\x00C\x00e\x00l\x00l\x00s\x00_\x00m\x00e\x00r\x00g\x00e\x00d\x00\x7C\x00N\x00u\x00m\x00b\x00e\x00r\x00_\x00O\x00b\x00j\x00e\x00c\x00t\x00_\x00N\x00u\x00m\x00b\x00e\x00r\x00,\x00S\x00p\x00o\x00t\x00s\x00I\x00n\x00C\x00e\x00l\x00l\x00s\x00_\x00m\x00e\x00r\x00g\x00e\x00d\x00\x7C\x00L\x00o\x00c\x00a\x00t\x00i\x00o\x00n\x00_\x00C\x00e\x00n\x00t\x00e\x00r\x00_\x00Y\x00,\x00S\x00p\x00o\x00t\x00s\x00I\x00n\x00C\x00e\x00l\x00l\x00s\x00_\x00m\x00e\x00r\x00g\x00e\x00d\x00\x7C\x00L\x00o\x00c\x00a\x00t\x00i\x00o\x00n\x00_\x00C\x00e\x00n\x00t\x00e\x00r\x00_\x00X\x00,\x00S\x00p\x00o\x00t\x00s\x00I\x00n\x00C\x00e\x00l\x00l\x00s\x00_\x00m\x00e\x00r\x00g\x00e\x00d\x00\x7C\x00P\x00a\x00r\x00e\x00n\x00t\x00_\x00S\x00p\x00o\x00t\x00s\x00_\x00P\x00r\x00i\x00m\x00a\x00r\x00y\x00_\x00O\x00b\x00j\x00e\x00c\x00t\x00s\x00
    Representation of Nan/Inf:\xff\xfeN\x00a\x00N\x00
    Add a prefix to file names?:\xff\xfeY\x00e\x00s\x00
    Filename prefix:\xff\xfeM\x00y\x00E\x00x\x00p\x00t\x00_\x00
    Overwrite existing files without warning?:\xff\xfeY\x00e\x00s\x00
    Data to export:\xff\xfeD\x00o\x00 \x00n\x00o\x00t\x00 \x00u\x00s\x00e\x00
    Combine these object measurements with those of the previous object?:\xff\xfeN\x00o\x00
    File name:\xff\xfeD\x00A\x00T\x00A\x00.\x00c\x00s\x00v\x00
    Use the object name for the file name?:\xff\xfeY\x00e\x00s\x00

DisplayDataOnImage:[module_num:20|svn_version:\'Unknown\'|variable_revision_number:6|show_window:False|notes:\x5B\x5D|batch_state:array(\x5B\x5D, dtype=uint8)|enabled:False|wants_pause:False]
    Display object or image measurements?:\xff\xfeO\x00b\x00j\x00e\x00c\x00t\x00
    Select the input objects:\xff\xfeC\x00e\x00l\x00l\x00s\x00_\x00P\x00r\x00i\x00m\x00a\x00r\x00y\x00_\x00o\x00b\x00j\x00e\x00c\x00t\x00s\x00
    Measurement to display:\xff\xfeC\x00o\x00u\x00n\x00t\x00
    Select the image on which to display the measurements:\xff\xfeC\x00e\x00l\x00l\x00s\x00
    Text color:\xff\xfer\x00e\x00d\x00
    Name the output image that has the measurements displayed:\xff\xfeC\x00e\x00l\x00l\x00s\x00_\x00l\x00a\x00b\x00e\x00l\x00l\x00e\x00d\x00_\x00n\x00u\x00m\x00b\x00e\x00r\x00
    Font size (points):\xff\xfe1\x000\x00
    Number of decimals:\xff\xfe0\x00
    Image elements to save:\xff\xfeF\x00i\x00g\x00u\x00r\x00e\x00
    Annotation offset (in pixels):\xff\xfe0\x00
    Display mode:\xff\xfeT\x00e\x00x\x00t\x00
    Color map:\xff\xfeA\x00c\x00c\x00e\x00n\x00t\x00
    Display background image?:\xff\xfeY\x00e\x00s\x00
    Color map scale:\xff\xfeU\x00s\x00e\x00 \x00t\x00h\x00i\x00s\x00 \x00i\x00m\x00a\x00g\x00e\x00\'\x00s\x00 \x00m\x00e\x00a\x00s\x00u\x00r\x00e\x00m\x00e\x00n\x00t\x00 \x00r\x00a\x00n\x00g\x00e\x00
    Color map range:\xff\xfe0\x00.\x000\x00,\x001\x00.\x000\x00

SaveImages:[module_num:21|svn_version:\'Unknown\'|variable_revision_number:13|show_window:False|notes:\x5B\x5D|batch_state:array(\x5B\x5D, dtype=uint8)|enabled:True|wants_pause:False]
    Select the type of image to save:\xff\xfeI\x00m\x00a\x00g\x00e\x00
    Select the image to save:\xff\xfeO\x00v\x00e\x00r\x00l\x00a\x00y\x00_\x00r\x00e\x00s\x00c\x00a\x00l\x00e\x00d\x00
    Select method for constructing file names:\xff\xfeF\x00r\x00o\x00m\x00 \x00i\x00m\x00a\x00g\x00e\x00 \x00f\x00i\x00l\x00e\x00n\x00a\x00m\x00e\x00
    Select image name for file prefix:\xff\xfeC\x00e\x00l\x00l\x00s\x00
    Enter single file name:\xff\xfeO\x00r\x00i\x00g\x00B\x00l\x00u\x00e\x00
    Number of digits:\xff\xfe4\x00
    Append a suffix to the image file name?:\xff\xfeY\x00e\x00s\x00
    Text to append to the image name:\xff\xfeM\x00e\x00r\x00g\x00e\x00d\x00_\x00O\x00v\x00e\x00r\x00l\x00a\x00y\x00_\x00
    Saved file format:\xff\xfet\x00i\x00f\x00f\x00
    Output file location:\xff\xfeD\x00e\x00f\x00a\x00u\x00l\x00t\x00 \x00I\x00n\x00p\x00u\x00t\x00 \x00F\x00o\x00l\x00d\x00e\x00r\x00 \x00s\x00u\x00b\x00-\x00f\x00o\x00l\x00d\x00e\x00r\x00\x7C\x00D\x00e\x00s\x00k\x00t\x00o\x00p\x00/\x00R\x00N\x00A\x00s\x00c\x00o\x00p\x00e\x00_\x00I\x00m\x00a\x00g\x00e\x00_\x00A\x00n\x00a\x00l\x00y\x00s\x00i\x00s\x00/\x00R\x003\x007\x004\x00/\x00A\x00N\x00A\x00L\x00Y\x00S\x00I\x00S\x00/\x00C\x00o\x00l\x00o\x00n\x00_\x004\x000\x00x\x002\x00x\x00/\x00G\x00F\x00/\x001\x00/\x00C\x001\x00
    Image bit depth:\xff\xfe8\x00-\x00b\x00i\x00t\x00 \x00i\x00n\x00t\x00e\x00g\x00e\x00r\x00
    Overwrite existing files without warning?:\xff\xfeY\x00e\x00s\x00
    When to save:\xff\xfeE\x00v\x00e\x00r\x00y\x00 \x00c\x00y\x00c\x00l\x00e\x00
    Record the file and path information to the saved image?:\xff\xfeN\x00o\x00
    Create subfolders in the output folder?:\xff\xfeN\x00o\x00
    Base image folder:\xff\xfeE\x00l\x00s\x00e\x00w\x00h\x00e\x00r\x00e\x00.\x00.\x00.\x00\x7C\x00

SaveImages:[module_num:22|svn_version:\'Unknown\'|variable_revision_number:13|show_window:False|notes:\x5B\x5D|batch_state:array(\x5B\x5D, dtype=uint8)|enabled:False|wants_pause:False]
    Select the type of image to save:\xff\xfeI\x00m\x00a\x00g\x00e\x00
    Select the image to save:\xff\xfeC\x00e\x00l\x00l\x00s\x00_\x00l\x00a\x00b\x00e\x00l\x00l\x00e\x00d\x00_\x00n\x00u\x00m\x00b\x00e\x00r\x00
    Select method for constructing file names:\xff\xfeF\x00r\x00o\x00m\x00 \x00i\x00m\x00a\x00g\x00e\x00 \x00f\x00i\x00l\x00e\x00n\x00a\x00m\x00e\x00
    Select image name for file prefix:\xff\xfeC\x00e\x00l\x00l\x00s\x00
    Enter single file name:\xff\xfeO\x00r\x00i\x00g\x00B\x00l\x00u\x00e\x00
    Number of digits:\xff\xfe4\x00
    Append a suffix to the image file name?:\xff\xfeY\x00e\x00s\x00
    Text to append to the image name:\xff\xfeO\x00b\x00j\x00e\x00c\x00t\x00_\x00n\x00u\x00m\x00b\x00e\x00r\x00_\x00
    Saved file format:\xff\xfet\x00i\x00f\x00f\x00
    Output file location:\xff\xfeD\x00e\x00f\x00a\x00u\x00l\x00t\x00 \x00I\x00n\x00p\x00u\x00t\x00 \x00F\x00o\x00l\x00d\x00e\x00r\x00 \x00s\x00u\x00b\x00-\x00f\x00o\x00l\x00d\x00e\x00r\x00\x7C\x00D\x00o\x00c\x00u\x00m\x00e\x00n\x00t\x00s\x00\\\x00\\\x00P\x00r\x00o\x00j\x00e\x00c\x00t\x00s\x00\\\x00\\\x00A\x00l\x00v\x00a\x00r\x00o\x00 \x00C\x00a\x00s\x00t\x00a\x00n\x00o\x00 \x00R\x00N\x00A\x00s\x00c\x00o\x00p\x00e\x00\\\x00\\\x00P\x00r\x00o\x00j\x00e\x00c\x00t\x00 \x002\x00\\\x00\\\x00R\x00e\x00s\x00u\x00l\x00t\x00s\x002\x00\\\x00\\\x00I\x00m\x00a\x00g\x00e\x00s\x00\\\x00\\\x00I\x00m\x00a\x00g\x00e\x00s\x002\x00
    Image bit depth:\xff\xfe8\x00-\x00b\x00i\x00t\x00 \x00i\x00n\x00t\x00e\x00g\x00e\x00r\x00
    Overwrite existing files without warning?:\xff\xfeY\x00e\x00s\x00
    When to save:\xff\xfeE\x00v\x00e\x00r\x00y\x00 \x00c\x00y\x00c\x00l\x00e\x00
    Record the file and path information to the saved image?:\xff\xfeN\x00o\x00
    Create subfolders in the output folder?:\xff\xfeN\x00o\x00
    Base image folder:\xff\xfeE\x00l\x00s\x00e\x00w\x00h\x00e\x00r\x00e\x00.\x00.\x00.\x00\x7C\x00

SaveImages:[module_num:23|svn_version:\'Unknown\'|variable_revision_number:13|show_window:False|notes:\x5B\x5D|batch_state:array(\x5B\x5D, dtype=uint8)|enabled:True|wants_pause:False]
    Select the type of image to save:\xff\xfeI\x00m\x00a\x00g\x00e\x00
    Select the image to save:\xff\xfeT\x00r\x00a\x00c\x00k\x00e\x00d\x00C\x00e\x00l\x00l\x00s\x00
    Select method for constructing file names:\xff\xfeF\x00r\x00o\x00m\x00 \x00i\x00m\x00a\x00g\x00e\x00 \x00f\x00i\x00l\x00e\x00n\x00a\x00m\x00e\x00
    Select image name for file prefix:\xff\xfeC\x00e\x00l\x00l\x00s\x00
    Enter single file name:\xff\xfeO\x00r\x00i\x00g\x00B\x00l\x00u\x00e\x00
    Number of digits:\xff\xfe4\x00
    Append a suffix to the image file name?:\xff\xfeY\x00e\x00s\x00
    Text to append to the image name:\xff\xfe_\x00T\x00r\x00a\x00c\x00k\x00e\x00d\x00
    Saved file format:\xff\xfet\x00i\x00f\x00f\x00
    Output file location:\xff\xfeD\x00e\x00f\x00a\x00u\x00l\x00t\x00 \x00I\x00n\x00p\x00u\x00t\x00 \x00F\x00o\x00l\x00d\x00e\x00r\x00 \x00s\x00u\x00b\x00-\x00f\x00o\x00l\x00d\x00e\x00r\x00\x7C\x00D\x00e\x00s\x00k\x00t\x00o\x00p\x00/\x00R\x00N\x00A\x00s\x00c\x00o\x00p\x00e\x00_\x00I\x00m\x00a\x00g\x00e\x00_\x00A\x00n\x00a\x00l\x00y\x00s\x00i\x00s\x00/\x00R\x003\x007\x004\x00/\x00A\x00N\x00A\x00L\x00Y\x00S\x00I\x00S\x00/\x00C\x00o\x00l\x00o\x00n\x00_\x004\x000\x00x\x002\x00x\x00/\x00G\x00F\x00/\x001\x00/\x00C\x001\x00
    Image bit depth:\xff\xfe8\x00-\x00b\x00i\x00t\x00 \x00i\x00n\x00t\x00e\x00g\x00e\x00r\x00
    Overwrite existing files without warning?:\xff\xfeY\x00e\x00s\x00
    When to save:\xff\xfeE\x00v\x00e\x00r\x00y\x00 \x00c\x00y\x00c\x00l\x00e\x00
    Record the file and path information to the saved image?:\xff\xfeN\x00o\x00
    Create subfolders in the output folder?:\xff\xfeN\x00o\x00
    Base image folder:\xff\xfeE\x00l\x00s\x00e\x00w\x00h\x00e\x00r\x00e\x00.\x00.\x00.\x00\x7C\x00
"
Run_Timestamp,2019-11-14T10:22:24.076000
